Customer ID,Last Used Platform,Is Blocked,Created At,Language,Outstanding Amount,Loyalty Points,Number of Employees
3922702,WEB,0,2021-07-12T08:06:47.000Z,en,0,0,
4058001,WEB,0,2021-08-05T08:22:35.000Z,en,0,0,
4058334,WEB,0,2021-08-05T09:38:09.000Z,en,0,0,
4058414,WEB,0,2021-08-05T09:56:57.000Z,en,0,0,
4058431,WEB,0,2021-08-05T09:59:51.000Z,en,0,0,
4058470,WEB,0,2021-08-05T10:08:09.000Z,en,0,0,
4059148,WEB,0,2021-08-05T12:34:33.000Z,en,0,0,
4063696,WEB,0,2021-08-06T10:40:59.000Z,en,0,0,
4063923,WEB,0,2021-08-06T11:31:11.000Z,en,0,0,6.0
4065612,WEB,0,2021-08-06T16:51:09.000Z,en,0,0,4.0
4069137,WEB,0,2021-08-07T10:30:32.000Z,en,0,0,13.0
4069636,WEB,0,2021-08-07T12:08:27.000Z,en,0,1235,4.0
4069690,WEB,0,2021-08-07T12:20:45.000Z,en,0,40,4.0
4070117,WEB,0,2021-08-07T13:37:42.000Z,en,0,0,5.0
4070566,WEB,0,2021-08-07T14:45:12.000Z,en,0,19,5.0
4070616,WEB,0,2021-08-07T14:53:17.000Z,en,0,1698,6.0
4079018,WEB,0,2021-08-09T08:16:45.000Z,en,0,909,10.0
4081298,WEB,0,2021-08-09T16:21:20.000Z,en,0,1508,3.0
4081518,WEB,0,2021-08-09T17:09:20.000Z,en,0,364,4.0
4082134,WEB,0,2021-08-09T19:52:24.000Z,en,0,81,3.0
4085923,WEB,0,2021-08-10T15:15:34.000Z,en,0,3943,7.0
4086917,WEB,0,2021-08-10T18:52:49.000Z,en,0,82,4.0
4087254,WEB,0,2021-08-10T20:32:26.000Z,en,0,0,3.0
4089911,WEB,0,2021-08-11T11:42:43.000Z,en,0,0,6.0
4090917,WEB,0,2021-08-11T14:51:43.000Z,en,0,125,3.0
4092187,WEB,0,2021-08-11T19:07:03.000Z,en,0,10,2.0
4092383,WEB,0,2021-08-11T19:43:50.000Z,en,0,0,4.0
4095537,WEB,0,2021-08-12T11:20:24.000Z,en,0,0,2.0
4097156,WEB,0,2021-08-12T15:56:40.000Z,en,0,0,3.0
4097394,WEB,0,2021-08-12T16:36:17.000Z,en,0,0,1.0
4098036,WEB,0,2021-08-12T18:55:37.000Z,en,0,0,3.0
4100982,WEB,0,2021-08-13T10:43:40.000Z,en,0,0,3.0
4101027,WEB,0,2021-08-13T10:51:37.000Z,en,0,0,1.0
4102681,WEB,0,2021-08-13T15:03:52.000Z,en,0,0,4.0
4102931,WEB,0,2021-08-13T15:42:07.000Z,en,0,81,4.0
4102982,WEB,0,2021-08-13T15:48:24.000Z,en,0,103,4.0
4103042,WEB,0,2021-08-13T15:59:39.000Z,en,0,24,5.0
4103195,WEB,0,2021-08-13T16:23:30.000Z,en,0,0,4.0
4104004,WEB,0,2021-08-13T18:48:58.000Z,en,0,19,5.0
4107152,WEB,0,2021-08-14T11:00:49.000Z,en,0,0,
4107204,WEB,0,2021-08-14T11:11:56.000Z,en,0,0,6.0
4107223,WEB,0,2021-08-14T11:16:45.000Z,en,0,1679,5.0
4107306,WEB,0,2021-08-14T11:31:17.000Z,en,0,10,3.0
4107324,WEB,0,2021-08-14T11:34:32.000Z,en,0,0,3.0
4107349,WEB,0,2021-08-14T11:37:23.000Z,en,0,0,4.0
4108751,WEB,0,2021-08-14T15:44:33.000Z,en,0,0,
4109561,WEB,0,2021-08-14T18:37:46.000Z,en,0,0,
4109753,WEB,0,2021-08-14T19:16:49.000Z,en,0,0,3.0
4118147,WEB,0,2021-08-16T13:12:47.000Z,en,0,0,3.0
4118708,WEB,0,2021-08-16T15:16:18.000Z,en,0,0,2.0
4118797,WEB,0,2021-08-16T15:37:38.000Z,en,0,676,4.0
4119043,WEB,0,2021-08-16T16:36:25.000Z,en,0,0,
4121433,WEB,0,2021-08-17T08:27:12.000Z,en,0,0,
4121444,WEB,0,2021-08-17T08:30:42.000Z,en,0,0,
4121724,WEB,0,2021-08-17T09:50:14.000Z,en,0,0,10.0
4122236,WEB,0,2021-08-17T11:50:48.000Z,en,0,40,4.0
4123460,WEB,0,2021-08-17T16:17:41.000Z,en,0,0,4.0
4123472,WEB,0,2021-08-17T16:20:36.000Z,en,0,0,
4123529,WEB,0,2021-08-17T16:36:37.000Z,en,0,0,5.0
4123536,WEB,0,2021-08-17T16:37:54.000Z,en,0,0,3.0
4123870,WEB,0,2021-08-17T18:04:49.000Z,en,0,0,3.0
4123895,WEB,0,2021-08-17T18:11:09.000Z,en,0,1454,5.0
4123923,WEB,0,2021-08-17T18:17:28.000Z,en,0,0,2.0
4123950,WEB,0,2021-08-17T18:27:58.000Z,en,0,0,4.0
4126534,WEB,0,2021-08-18T09:08:33.000Z,en,0,0,
4126566,WEB,0,2021-08-18T09:17:31.000Z,en,0,348,4.0
4127070,WEB,0,2021-08-18T11:28:20.000Z,en,0,0,
4127680,WEB,0,2021-08-18T13:43:28.000Z,en,0,12,3.0
4127920,WEB,0,2021-08-18T14:29:03.000Z,en,0,0,4.0
4128502,WEB,0,2021-08-18T15:44:43.000Z,en,0,37,6.0
4128569,WEB,0,2021-08-18T15:58:13.000Z,en,0,3196,6.0
4128776,WEB,0,2021-08-18T16:02:44.000Z,en,0,1321,3.0
4129214,WEB,0,2021-08-18T16:58:26.000Z,en,0,0,2.0
4132572,WEB,0,2021-08-19T11:43:47.000Z,en,0,3362,12.0
4134283,WEB,0,2021-08-19T18:14:45.000Z,en,0,0,4.0
4134424,WEB,0,2021-08-19T18:53:24.000Z,en,0,0,3.0
4134438,WEB,0,2021-08-19T18:58:52.000Z,en,0,0,5.0
4134723,WEB,0,2021-08-19T20:44:59.000Z,en,0,0,3.0
4137028,WEB,0,2021-08-20T10:49:58.000Z,en,0,0,5.0
4137420,WEB,0,2021-08-20T12:31:27.000Z,en,0,0,5.0
4137602,WEB,0,2021-08-20T13:11:11.000Z,en,0,50,
4138258,WEB,0,2021-08-20T15:12:09.000Z,en,0,0,3.0
4138309,WEB,0,2021-08-20T15:21:37.000Z,en,0,359,4.0
4139256,WEB,0,2021-08-20T18:41:40.000Z,en,0,0,2.0
4142994,WEB,0,2021-08-21T14:25:59.000Z,en,0,448,6.0
4143220,WEB,0,2021-08-21T15:12:38.000Z,en,0,7840,4.0
4143451,WEB,0,2021-08-21T16:08:19.000Z,en,0,326,6.0
4144068,WEB,0,2021-08-21T18:30:10.000Z,en,0,3785,3.0
4144077,WEB,0,2021-08-21T18:33:32.000Z,en,0,0,2.0
4151736,WEB,0,2021-08-23T10:01:13.000Z,en,0,0,3.0
4151740,WEB,0,2021-08-23T10:01:52.000Z,en,0,0,10.0
4151742,WEB,0,2021-08-23T10:02:09.000Z,en,0,0,5.0
4151744,WEB,0,2021-08-23T10:02:49.000Z,en,0,13,1.0
4152095,WEB,0,2021-08-23T11:31:35.000Z,en,0,0,5.0
4152327,WEB,0,2021-08-23T12:20:08.000Z,en,0,0,3.0
4152455,WEB,0,2021-08-23T12:49:11.000Z,en,0,0,8.0
4152963,WEB,0,2021-08-23T14:35:18.000Z,en,0,48,4.0
4153776,WEB,0,2021-08-23T17:51:41.000Z,en,0,0,3.0
4154035,WEB,0,2021-08-23T18:58:58.000Z,en,0,6314,3.0
4154054,WEB,0,2021-08-23T19:03:46.000Z,en,0,3116,2.0
4154073,WEB,0,2021-08-23T19:12:16.000Z,en,0,0,2.0
4154105,WEB,0,2021-08-23T19:21:25.000Z,en,0,0,2.0
4154184,WEB,0,2021-08-23T19:47:59.000Z,en,0,91,2.0
4157197,WEB,0,2021-08-24T12:17:26.000Z,en,0,0,4.0
4157589,WEB,0,2021-08-24T13:43:58.000Z,en,0,0,3.0
4157899,WEB,0,2021-08-24T14:43:27.000Z,en,0,0,4.0
4157962,WEB,0,2021-08-24T14:56:01.000Z,en,0,0,2.0
4157996,WEB,0,2021-08-24T15:03:09.000Z,en,0,0,3.0
4158048,WEB,0,2021-08-24T15:11:19.000Z,en,0,248,2.0
4158214,WEB,0,2021-08-24T15:43:09.000Z,en,0,0,
4158269,WEB,0,2021-08-24T15:55:05.000Z,en,0,0,2.0
4158355,WEB,0,2021-08-24T16:20:35.000Z,en,0,0,2.0
4158459,WEB,0,2021-08-24T16:42:32.000Z,en,0,50,2.0
4158566,WEB,0,2021-08-24T17:07:33.000Z,en,0,0,2.0
4161409,WEB,0,2021-08-25T08:04:30.000Z,en,0,0,
4161425,WEB,0,2021-08-25T08:09:37.000Z,en,0,459,3.0
4161496,WEB,0,2021-08-25T08:24:56.000Z,en,0,40,2.0
4162337,WEB,0,2021-08-25T12:05:30.000Z,en,0,43,2.0
4162374,WEB,0,2021-08-25T12:14:23.000Z,en,0,156,3.0
4162590,WEB,0,2021-08-25T12:54:39.000Z,en,0,0,
4163538,WEB,0,2021-08-25T16:07:28.000Z,en,0,0,
4163653,WEB,0,2021-08-25T16:32:13.000Z,en,0,0,
4163680,WEB,0,2021-08-25T16:39:24.000Z,en,0,42,
4163755,WEB,0,2021-08-25T16:57:09.000Z,en,0,0,
4163904,WEB,0,2021-08-25T17:33:50.000Z,en,0,0,
4163910,WEB,0,2021-08-25T17:35:02.000Z,en,0,404,
4163912,WEB,0,2021-08-25T17:35:49.000Z,en,0,0,
4163923,WEB,0,2021-08-25T17:39:43.000Z,en,0,62,
4163968,WEB,0,2021-08-25T17:50:13.000Z,en,0,0,
4164295,WEB,0,2021-08-25T19:28:46.000Z,en,0,0,
4166928,WEB,0,2021-08-26T10:49:12.000Z,en,0,30,
4166936,WEB,0,2021-08-26T10:50:22.000Z,en,0,0,
4167151,WEB,0,2021-08-26T11:37:30.000Z,en,0,0,
4167872,WEB,0,2021-08-26T14:02:58.000Z,en,0,0,
4167939,WEB,0,2021-08-26T14:16:17.000Z,en,0,0,
4168089,WEB,0,2021-08-26T14:43:51.000Z,en,0,0,
4168506,WEB,0,2021-08-26T16:20:37.000Z,en,0,150,
4168751,WEB,0,2021-08-26T17:11:27.000Z,en,0,0,
4168845,WEB,0,2021-08-26T17:33:05.000Z,en,0,0,
4169205,WEB,0,2021-08-26T19:03:34.000Z,en,0,0,
4169239,WEB,0,2021-08-26T19:13:34.000Z,en,0,0,
4169309,WEB,0,2021-08-26T19:31:42.000Z,en,0,45,
4169445,WEB,0,2021-08-26T20:10:51.000Z,en,0,0,
4169470,WEB,0,2021-08-26T20:18:43.000Z,en,0,48,
4169494,WEB,0,2021-08-26T20:24:00.000Z,en,0,0,
4169509,WEB,0,2021-08-26T20:28:29.000Z,en,0,0,
4169521,WEB,0,2021-08-26T20:31:57.000Z,en,0,0,
4172783,WEB,0,2021-08-27T13:05:52.000Z,en,0,0,
4173378,WEB,0,2021-08-27T14:55:08.000Z,en,0,0,
4173505,WEB,0,2021-08-27T15:20:03.000Z,en,0,0,
4173549,WEB,0,2021-08-27T15:28:26.000Z,en,0,0,
4174615,WEB,0,2021-08-27T19:18:41.000Z,en,0,0,
4174651,WEB,0,2021-08-27T19:28:43.000Z,en,0,0,
4179487,WEB,0,2021-08-28T17:32:47.000Z,en,0,40,
4179995,WEB,0,2021-08-28T19:37:03.000Z,en,0,0,
4180008,WEB,0,2021-08-28T19:41:31.000Z,en,0,236,
4180046,WEB,0,2021-08-28T19:51:18.000Z,en,0,1857,
4187222,WEB,0,2021-08-30T08:08:38.000Z,en,0,0,
4187693,WEB,0,2021-08-30T10:27:13.000Z,en,0,0,
4188644,WEB,0,2021-08-30T14:33:33.000Z,en,0,0,
4188791,WEB,0,2021-08-30T15:06:03.000Z,en,0,2161,
4188906,WEB,0,2021-08-30T15:26:17.000Z,en,0,0,
4189062,WEB,0,2021-08-30T15:56:34.000Z,en,0,12,
4189980,WEB,0,2021-08-30T19:10:34.000Z,en,0,3404,
4189987,WEB,0,2021-08-30T19:12:34.000Z,en,0,81,
4190049,WEB,0,2021-08-30T19:27:28.000Z,en,0,0,
4192346,WEB,0,2021-08-31T09:50:17.000Z,en,0,0,
4192758,WEB,0,2021-08-31T11:49:27.000Z,en,0,0,
4192979,WEB,0,2021-08-31T12:44:10.000Z,en,0,0,
4193241,WEB,0,2021-08-31T13:42:20.000Z,en,0,61,
4193398,WEB,0,2021-08-31T14:14:02.000Z,en,0,0,
4193554,WEB,0,2021-08-31T14:42:22.000Z,en,0,0,
4193898,WEB,0,2021-08-31T15:47:46.000Z,en,0,0,
4194007,WEB,0,2021-08-31T16:08:31.000Z,en,0,0,
4194050,WEB,0,2021-08-31T16:17:08.000Z,en,0,0,
4194576,WEB,0,2021-08-31T17:43:55.000Z,en,0,31,
4195187,WEB,0,2021-08-31T19:33:19.000Z,en,0,25,
4195201,WEB,0,2021-08-31T19:36:00.000Z,en,0,0,
4195219,WEB,0,2021-08-31T19:38:39.000Z,en,0,0,
4195274,WEB,0,2021-08-31T19:50:00.000Z,en,0,0,
4195323,WEB,0,2021-08-31T20:01:01.000Z,en,0,0,
4197636,WEB,0,2021-09-01T08:41:57.000Z,en,0,0,
4197893,WEB,0,2021-09-01T09:57:21.000Z,en,0,0,
4198027,WEB,0,2021-09-01T10:37:48.000Z,en,0,0,
4198121,WEB,0,2021-09-01T11:07:58.000Z,en,0,0,
4198125,WEB,0,2021-09-01T11:09:12.000Z,en,0,5518,
4198921,WEB,0,2021-09-01T14:24:09.000Z,en,0,0,
4199326,WEB,0,2021-09-01T16:01:54.000Z,en,0,1957,
4202175,WEB,0,2021-09-02T09:45:06.000Z,en,0,0,
4202224,WEB,0,2021-09-02T10:05:05.000Z,en,0,0,
4202515,WEB,0,2021-09-02T11:24:50.000Z,en,0,0,
4202861,WEB,0,2021-09-02T12:08:50.000Z,en,0,0,
4202970,WEB,0,2021-09-02T12:34:17.000Z,en,0,204,
4203228,WEB,0,2021-09-02T13:35:56.000Z,en,0,0,
4203357,WEB,0,2021-09-02T14:02:57.000Z,en,0,18,
4203558,WEB,0,2021-09-02T14:48:33.000Z,en,0,0,
4203654,WEB,0,2021-09-02T15:08:56.000Z,en,0,12,
4203685,WEB,0,2021-09-02T15:17:42.000Z,en,0,0,
4203720,WEB,0,2021-09-02T15:26:07.000Z,en,0,0,
4203776,WEB,0,2021-09-02T15:37:36.000Z,en,0,0,
4203782,WEB,0,2021-09-02T15:38:56.000Z,en,0,0,
4203843,WEB,0,2021-09-02T15:52:27.000Z,en,0,0,
4203998,WEB,0,2021-09-02T16:28:54.000Z,en,0,81,
4204021,WEB,0,2021-09-02T16:34:16.000Z,en,0,355,
4204179,WEB,0,2021-09-02T17:16:02.000Z,en,0,0,
4204510,WEB,0,2021-09-02T18:42:59.000Z,en,0,0,
4206657,WEB,0,2021-09-03T08:56:57.000Z,en,0,0,
4206925,WEB,0,2021-09-03T10:20:04.000Z,en,0,0,
4206973,WEB,0,2021-09-03T10:36:07.000Z,en,0,0,
4207277,WEB,0,2021-09-03T12:13:11.000Z,en,0,220,
4207385,WEB,0,2021-09-03T12:46:16.000Z,en,0,0,
4207485,WEB,0,2021-09-03T13:08:57.000Z,en,0,0,
4207512,WEB,0,2021-09-03T13:18:28.000Z,en,0,2069,
4207594,WEB,0,2021-09-03T13:35:12.000Z,en,0,0,
4207731,WEB,0,2021-09-03T14:04:02.000Z,en,0,0,
4207756,WEB,0,2021-09-03T14:09:29.000Z,en,0,0,
4207941,WEB,0,2021-09-03T14:47:44.000Z,en,0,755,
4208119,WEB,0,2021-09-03T15:25:40.000Z,en,0,150,
4208165,WEB,0,2021-09-03T15:33:53.000Z,en,0,159,
4208168,WEB,0,2021-09-03T15:34:24.000Z,en,0,0,
4208190,WEB,0,2021-09-03T15:40:34.000Z,en,0,0,
4208474,WEB,0,2021-09-03T16:44:52.000Z,en,0,0,
4208501,WEB,0,2021-09-03T16:50:19.000Z,en,0,0,
4208578,WEB,0,2021-09-03T17:05:07.000Z,en,0,0,
4208836,WEB,0,2021-09-03T18:13:01.000Z,en,0,0,
4208856,WEB,0,2021-09-03T18:18:51.000Z,en,0,0,
4212500,WEB,0,2021-09-04T13:15:48.000Z,en,0,0,
4212757,WEB,0,2021-09-04T14:07:27.000Z,en,0,0,
4212870,WEB,0,2021-09-04T14:32:26.000Z,en,0,0,
4213888,WEB,0,2021-09-04T18:32:35.000Z,en,0,0,
4214735,WEB,0,2021-09-04T23:12:07.000Z,en,0,0,
4214744,WEB,0,2021-09-04T23:19:24.000Z,en,0,0,
4216730,WEB,0,2021-09-05T10:45:21.000Z,en,0,0,
4219679,WEB,0,2021-09-06T00:06:40.000Z,en,0,0,
4220644,WEB,0,2021-09-06T08:25:43.000Z,en,0,0,
4220662,WEB,0,2021-09-06T08:32:19.000Z,en,0,0,
4220683,WEB,0,2021-09-06T08:37:13.000Z,en,0,618,
4220730,WEB,0,2021-09-06T08:53:35.000Z,en,0,0,
4220749,WEB,0,2021-09-06T09:01:03.000Z,en,0,252,
4220762,WEB,0,2021-09-06T09:04:49.000Z,en,0,3413,
4220851,WEB,0,2021-09-06T09:36:20.000Z,en,0,0,
4221291,WEB,0,2021-09-06T12:02:27.000Z,en,0,0,
4221529,WEB,0,2021-09-06T13:06:20.000Z,en,0,3395,
4221532,WEB,0,2021-09-06T13:07:29.000Z,en,0,0,
4221573,WEB,0,2021-09-06T13:15:56.000Z,en,0,0,
4221737,WEB,0,2021-09-06T13:54:46.000Z,en,0,0,
4221813,WEB,0,2021-09-06T14:11:44.000Z,en,0,0,
4222378,WEB,0,2021-09-06T16:35:38.000Z,en,0,0,
4225686,WEB,0,2021-09-07T12:43:09.000Z,en,0,0,
4227237,WEB,0,2021-09-07T18:18:21.000Z,en,0,0,
4229177,WEB,0,2021-09-08T08:14:30.000Z,en,0,0,
4229255,WEB,0,2021-09-08T08:35:43.000Z,en,0,0,
4229272,WEB,0,2021-09-08T08:42:53.000Z,en,0,144,
4229316,WEB,0,2021-09-08T08:58:13.000Z,en,0,0,
4229355,WEB,0,2021-09-08T09:08:44.000Z,en,0,0,
4229448,WEB,0,2021-09-08T09:37:10.000Z,en,0,42,
4229768,WEB,0,2021-09-08T11:13:02.000Z,en,0,0,
4229818,WEB,0,2021-09-08T11:25:15.000Z,en,0,0,
4229852,WEB,0,2021-09-08T11:30:51.000Z,en,0,0,
4230253,WEB,0,2021-09-08T13:10:34.000Z,en,0,0,
4230468,WEB,0,2021-09-08T14:02:44.000Z,en,0,0,
4230529,WEB,0,2021-09-08T14:16:45.000Z,en,0,0,
4230585,WEB,0,2021-09-08T14:26:30.000Z,en,0,0,
4230596,WEB,0,2021-09-08T14:28:53.000Z,en,0,0,
4230905,WEB,0,2021-09-08T15:38:46.000Z,en,0,316,
4233881,WEB,0,2021-09-09T09:12:57.000Z,en,0,0,
4233986,WEB,0,2021-09-09T09:45:11.000Z,en,0,63,
4234085,WEB,0,2021-09-09T10:13:38.000Z,en,0,4690,
4234462,WEB,0,2021-09-09T11:54:58.000Z,en,0,0,
4234563,WEB,0,2021-09-09T12:19:21.000Z,en,0,36,
4234577,WEB,0,2021-09-09T12:22:58.000Z,en,0,0,
4234778,WEB,0,2021-09-09T13:11:21.000Z,en,0,46,
4234800,WEB,0,2021-09-09T13:16:57.000Z,en,0,0,
4234820,WEB,0,2021-09-09T13:20:46.000Z,en,0,0,
4234838,WEB,0,2021-09-09T13:24:52.000Z,en,0,149,
4234881,WEB,0,2021-09-09T13:33:53.000Z,en,0,126,
4235055,WEB,0,2021-09-09T14:11:01.000Z,en,0,0,
4235086,WEB,0,2021-09-09T14:17:02.000Z,en,0,0,
4235110,WEB,0,2021-09-09T14:20:38.000Z,en,0,0,
4235125,WEB,0,2021-09-09T14:23:09.000Z,en,0,0,
4235400,WEB,0,2021-09-09T15:17:58.000Z,en,0,0,
4235509,WEB,0,2021-09-09T15:43:28.000Z,en,0,0,
4238551,WEB,0,2021-09-10T10:49:27.000Z,en,0,40,
4238870,WEB,0,2021-09-10T12:23:10.000Z,en,0,0,
4239922,WEB,0,2021-09-10T16:32:37.000Z,en,0,50,
4239962,WEB,0,2021-09-10T16:39:49.000Z,en,0,0,
4239978,WEB,0,2021-09-10T16:43:25.000Z,en,0,30,
4243499,WEB,0,2021-09-11T12:12:15.000Z,en,0,171,
4243786,WEB,0,2021-09-11T13:14:32.000Z,en,0,551,
4244313,WEB,0,2021-09-11T15:02:32.000Z,en,0,0,
4244548,WEB,0,2021-09-11T15:59:36.000Z,en,0,0,
4244942,WEB,0,2021-09-11T17:34:03.000Z,en,0,0,
4249361,WEB,0,2021-09-12T16:40:36.000Z,en,0,0,
4251478,WEB,0,2021-09-13T08:05:45.000Z,en,0,12,
4252476,WEB,0,2021-09-13T13:05:01.000Z,en,0,172,
4253155,WEB,0,2021-09-13T15:40:40.000Z,en,0,0,
4253181,WEB,0,2021-09-13T15:47:15.000Z,en,0,0,
4253914,WEB,0,2021-09-13T19:25:09.000Z,en,0,0,
4255507,WEB,0,2021-09-14T08:33:32.000Z,en,0,0,
4256072,WEB,0,2021-09-14T11:41:56.000Z,en,0,0,
4256217,WEB,0,2021-09-14T12:31:56.000Z,en,0,2772,
4257127,WEB,0,2021-09-14T16:19:28.000Z,en,0,0,
4259343,WEB,0,2021-09-15T07:36:48.000Z,en,0,221,
4259430,WEB,0,2021-09-15T08:07:11.000Z,en,0,18,
4259514,WEB,0,2021-09-15T08:31:35.000Z,en,0,0,
4260184,WEB,0,2021-09-15T11:47:49.000Z,en,0,7144,
4277458,WEB,0,2021-09-16T14:06:44.000Z,en,0,0,
4277659,WEB,0,2021-09-16T14:49:17.000Z,en,0,38,
4278761,WEB,0,2021-09-16T16:53:12.000Z,en,0,0,
4278767,WEB,0,2021-09-16T16:54:49.000Z,en,0,0,
4279495,WEB,0,2021-09-16T21:12:49.000Z,en,0,0,
4281165,WEB,0,2021-09-17T10:14:43.000Z,en,0,0,
4281202,WEB,0,2021-09-17T10:28:06.000Z,en,0,0,
4281210,WEB,0,2021-09-17T10:30:14.000Z,en,0,0,
4281277,WEB,0,2021-09-17T10:46:41.000Z,en,0,1642,
4281294,WEB,0,2021-09-17T10:50:51.000Z,en,0,498,
4281360,WEB,0,2021-09-17T11:07:18.000Z,en,0,64,
4282914,WEB,0,2021-09-17T16:54:02.000Z,en,0,0,
4283164,WEB,0,2021-09-17T17:53:16.000Z,en,0,0,
4283227,WEB,0,2021-09-17T18:08:32.000Z,en,0,0,
4283334,WEB,0,2021-09-17T18:38:13.000Z,en,0,0,
4285969,WEB,0,2021-09-18T10:51:19.000Z,en,0,3339,
4285989,WEB,0,2021-09-18T10:56:51.000Z,en,0,0,
4287359,WEB,0,2021-09-18T16:04:57.000Z,en,0,0,
4295715,WEB,0,2021-09-20T09:05:27.000Z,en,0,1574,
4296897,WEB,0,2021-09-20T14:20:20.000Z,en,0,0,
4297136,WEB,0,2021-09-20T15:17:14.000Z,en,0,0,
4297148,WEB,0,2021-09-20T15:19:36.000Z,en,0,163,
4297310,WEB,0,2021-09-20T16:04:54.000Z,en,0,0,
4297910,WEB,0,2021-09-20T19:03:24.000Z,en,0,0,
4301013,WEB,0,2021-09-21T08:49:21.000Z,en,0,0,
4301269,WEB,0,2021-09-21T10:12:29.000Z,en,0,0,
4301584,WEB,0,2021-09-21T11:36:09.000Z,en,0,11288,
4302352,WEB,0,2021-09-21T14:46:18.000Z,en,0,2187,
4302540,WEB,0,2021-09-21T15:25:01.000Z,en,0,3375,
4305560,WEB,0,2021-09-22T11:33:12.000Z,en,0,825,
4305955,WEB,0,2021-09-22T13:22:43.000Z,en,0,189,
4306723,WEB,0,2021-09-22T16:29:22.000Z,en,0,0,
4308852,WEB,0,2021-09-23T08:49:36.000Z,en,0,0,
4309528,WEB,0,2021-09-23T11:27:55.000Z,en,0,0,
4309825,WEB,0,2021-09-23T12:37:24.000Z,en,0,924,
4310378,WEB,0,2021-09-23T14:33:14.000Z,en,0,62,
4310899,WEB,0,2021-09-23T16:40:48.000Z,en,0,0,
4310941,WEB,0,2021-09-23T16:51:54.000Z,en,0,0,
4312827,WEB,0,2021-09-24T07:20:13.000Z,en,0,22,
4313492,WEB,0,2021-09-24T10:38:19.000Z,en,0,0,
4318987,WEB,0,2021-09-25T14:52:32.000Z,en,0,150,
4326993,WEB,0,2021-09-27T11:29:19.000Z,en,0,4246,
4327237,WEB,0,2021-09-27T12:34:59.000Z,en,0,0,
4329709,WEB,0,2021-09-28T06:16:49.000Z,en,0,255,
4330412,WEB,0,2021-09-28T10:09:04.000Z,en,0,50,
4330526,WEB,0,2021-09-28T10:39:47.000Z,en,0,0,
4330707,WEB,0,2021-09-28T11:34:05.000Z,en,0,0,
4330935,WEB,0,2021-09-28T12:33:32.000Z,en,0,0,
4331430,WEB,0,2021-09-28T14:37:50.000Z,en,0,447,
4331835,WEB,0,2021-09-28T16:21:42.000Z,en,0,0,
4332009,WEB,0,2021-09-28T17:17:29.000Z,en,0,0,
4332055,WEB,0,2021-09-28T17:33:08.000Z,en,0,0,
4332391,WEB,0,2021-09-28T19:53:18.000Z,en,0,0,
4333863,WEB,0,2021-09-29T09:09:47.000Z,en,0,121,
4334430,WEB,0,2021-09-29T11:59:43.000Z,en,0,363,
4334438,WEB,0,2021-09-29T12:01:33.000Z,en,0,2860,
4334708,WEB,0,2021-09-29T13:13:53.000Z,en,0,19,
4334998,WEB,0,2021-09-29T14:20:54.000Z,en,0,50,
4338534,WEB,0,2021-09-30T13:24:14.000Z,en,0,0,
4338886,WEB,0,2021-09-30T14:42:32.000Z,en,0,161,
4339175,WEB,0,2021-09-30T15:55:12.000Z,en,0,242,
4346638,WEB,0,2021-10-02T09:52:43.000Z,en,0,8595,
4347432,WEB,0,2021-10-02T12:56:15.000Z,en,0,0,
4358247,WEB,0,2021-10-04T09:27:51.000Z,en,0,0,
4360168,WEB,0,2021-10-04T19:45:51.000Z,en,0,0,
4361110,WEB,0,2021-10-05T06:27:24.000Z,en,0,12,
4361358,WEB,0,2021-10-05T07:55:45.000Z,en,0,0,
4361655,WEB,0,2021-10-05T09:34:53.000Z,en,0,250,
4362716,WEB,0,2021-10-05T14:45:17.000Z,en,0,42,
4362723,WEB,0,2021-10-05T14:46:27.000Z,en,0,0,
4362740,WEB,0,2021-10-05T14:50:11.000Z,en,0,0,
4363452,WEB,0,2021-10-05T18:23:05.000Z,en,0,0,
4363544,WEB,0,2021-10-05T18:55:13.000Z,en,0,0,
4366629,WEB,0,2021-10-06T12:07:05.000Z,en,0,56,
4367356,WEB,0,2021-10-06T15:22:02.000Z,en,0,0,
4367551,WEB,0,2021-10-06T16:19:52.000Z,en,0,0,
4367561,WEB,0,2021-10-06T16:22:26.000Z,en,0,18,
4367684,WEB,0,2021-10-06T17:01:13.000Z,en,0,0,
4367688,WEB,0,2021-10-06T17:02:06.000Z,en,0,0,
4367692,WEB,0,2021-10-06T17:02:56.000Z,en,0,20,
4367695,WEB,0,2021-10-06T17:03:37.000Z,en,0,0,
4367717,WEB,0,2021-10-06T17:09:07.000Z,en,0,34,
4367972,WEB,0,2021-10-06T18:35:47.000Z,en,0,0,
4368056,WEB,0,2021-10-06T19:03:58.000Z,en,0,0,
4369767,WEB,0,2021-10-07T10:01:52.000Z,en,0,326,
4370934,WEB,0,2021-10-07T15:26:58.000Z,en,0,0,
4371171,WEB,0,2021-10-07T16:25:08.000Z,en,0,0,
4371241,WEB,0,2021-10-07T16:43:13.000Z,en,0,0,
4371306,WEB,0,2021-10-07T17:02:22.000Z,en,0,0,
4372709,WEB,0,2021-10-07T18:59:29.000Z,en,0,0,
4372720,WEB,0,2021-10-07T19:02:38.000Z,en,0,0,
4372728,WEB,0,2021-10-07T19:05:55.000Z,en,0,0,
4372738,WEB,0,2021-10-07T19:07:42.000Z,en,0,0,
4378178,WEB,0,2021-10-08T16:32:06.000Z,en,0,0,
4378467,WEB,0,2021-10-08T17:36:32.000Z,en,0,0,
4379822,WEB,0,2021-10-08T19:02:41.000Z,en,0,0,
4379829,WEB,0,2021-10-08T19:04:50.000Z,en,0,0,
4379831,WEB,0,2021-10-08T19:06:06.000Z,en,0,0,
4379835,WEB,0,2021-10-08T19:06:49.000Z,en,0,0,
4379838,WEB,0,2021-10-08T19:07:32.000Z,en,0,0,
4379845,WEB,0,2021-10-08T19:09:09.000Z,en,0,0,
4379846,WEB,0,2021-10-08T19:09:19.000Z,en,0,0,
4383045,WEB,0,2021-10-09T09:51:22.000Z,en,0,125,
4384967,WEB,0,2021-10-09T17:47:29.000Z,en,0,0,
4385304,WEB,0,2021-10-09T19:23:11.000Z,en,0,0,
4396163,WEB,0,2021-10-11T15:01:27.000Z,en,0,0,
4396319,WEB,0,2021-10-11T15:42:53.000Z,en,0,0,
4396357,WEB,0,2021-10-11T15:53:00.000Z,en,0,0,
4396443,WEB,0,2021-10-11T16:17:50.000Z,en,0,166,
4396463,WEB,0,2021-10-11T16:22:42.000Z,en,0,0,
4396478,WEB,0,2021-10-11T16:26:34.000Z,en,0,0,
4396581,WEB,0,2021-10-11T17:11:45.000Z,en,0,0,
4400733,WEB,0,2021-10-12T14:50:10.000Z,en,0,0,
4402665,WEB,0,2021-10-12T19:10:09.000Z,en,0,10,
4402670,WEB,0,2021-10-12T19:11:10.000Z,en,0,0,
4402774,WEB,0,2021-10-12T19:12:00.000Z,en,0,0,
4402923,WEB,0,2021-10-12T19:13:08.000Z,en,0,0,
4403067,WEB,0,2021-10-12T19:14:16.000Z,en,0,0,
4403635,WEB,0,2021-10-12T19:18:58.000Z,en,0,0,
4406582,WEB,0,2021-10-13T10:58:28.000Z,en,0,0,
4406691,WEB,0,2021-10-13T11:31:13.000Z,en,0,0,
4406763,WEB,0,2021-10-13T11:51:41.000Z,en,0,118,
4407022,WEB,0,2021-10-13T13:11:55.000Z,en,0,0,
4407646,WEB,0,2021-10-13T15:59:04.000Z,en,0,0,
4407704,WEB,0,2021-10-13T16:15:48.000Z,en,0,0,
4408334,WEB,0,2021-10-13T16:54:03.000Z,en,0,0,
4408843,WEB,0,2021-10-13T17:05:23.000Z,en,0,0,
4408895,WEB,0,2021-10-13T17:18:53.000Z,en,0,335,
4410109,WEB,0,2021-10-13T18:38:47.000Z,en,0,0,
4411346,WEB,0,2021-10-13T20:43:03.000Z,en,0,0,
4413504,WEB,0,2021-10-14T07:35:10.000Z,en,0,612,
4416844,WEB,0,2021-10-14T19:33:52.000Z,en,0,162,
4416854,WEB,0,2021-10-14T19:37:53.000Z,en,0,12,
4416864,WEB,0,2021-10-14T19:42:12.000Z,en,0,0,
4416869,WEB,0,2021-10-14T19:45:33.000Z,en,0,167,
4416878,WEB,0,2021-10-14T19:49:27.000Z,en,0,713,
4416890,WEB,0,2021-10-14T19:54:48.000Z,en,0,50,
4416902,WEB,0,2021-10-14T20:02:04.000Z,en,0,106,
4416919,WEB,0,2021-10-14T20:09:26.000Z,en,0,0,
4417022,WEB,0,2021-10-14T20:12:49.000Z,en,0,0,
4417937,WEB,0,2021-10-14T20:20:48.000Z,en,0,50,
4417944,WEB,0,2021-10-14T20:23:47.000Z,en,0,1165,
4417949,WEB,0,2021-10-14T20:26:58.000Z,en,0,3591,
4420692,WEB,0,2021-10-15T08:41:24.000Z,en,0,0,
4420776,WEB,0,2021-10-15T09:04:16.000Z,en,0,5570,
4420816,WEB,0,2021-10-15T09:15:39.000Z,en,0,2952,
4420838,WEB,0,2021-10-15T09:21:55.000Z,en,0,598,
4420851,WEB,0,2021-10-15T09:26:03.000Z,en,0,3637,
4420869,WEB,0,2021-10-15T09:30:54.000Z,en,0,1971,
4420982,WEB,0,2021-10-15T10:08:37.000Z,en,0,2029,
4421087,WEB,0,2021-10-15T10:47:51.000Z,en,0,589,
4421338,WEB,0,2021-10-15T11:58:34.000Z,en,0,2479,
4423979,WEB,0,2021-10-15T18:17:41.000Z,en,0,177,
4424119,WEB,0,2021-10-15T18:51:29.000Z,en,0,23,
4424121,WEB,0,2021-10-15T18:51:48.000Z,en,0,160,
4424173,WEB,0,2021-10-15T19:10:12.000Z,en,0,2126,
4424189,WEB,0,2021-10-15T19:14:51.000Z,en,0,1055,
4424201,WEB,0,2021-10-15T19:18:03.000Z,en,0,75,
4424239,WEB,0,2021-10-15T19:29:33.000Z,en,0,354,
4424245,WEB,0,2021-10-15T19:32:26.000Z,en,0,23,
4424254,WEB,0,2021-10-15T19:34:39.000Z,en,0,40,
4424279,WEB,0,2021-10-15T19:42:50.000Z,en,0,364,
4424303,WEB,0,2021-10-15T19:51:19.000Z,en,0,6684,
4424325,WEB,0,2021-10-15T19:56:28.000Z,en,0,47,
4424330,WEB,0,2021-10-15T20:00:26.000Z,en,0,33,
4424345,WEB,0,2021-10-15T20:04:55.000Z,en,0,50,
4424356,WEB,0,2021-10-15T20:08:25.000Z,en,0,50,
4424367,WEB,0,2021-10-15T20:11:27.000Z,en,0,12,
4424384,WEB,0,2021-10-15T20:15:54.000Z,en,0,0,
4424749,WEB,0,2021-10-15T20:24:15.000Z,en,0,122,
4425055,WEB,0,2021-10-15T20:26:54.000Z,en,0,334,
4425429,WEB,0,2021-10-15T20:31:30.000Z,en,0,18,
4425443,WEB,0,2021-10-15T20:38:02.000Z,en,0,414,
4425457,WEB,0,2021-10-15T20:43:05.000Z,en,0,84,
4429787,WEB,0,2021-10-16T12:07:03.000Z,en,0,12,
4429802,WEB,0,2021-10-16T12:12:18.000Z,en,0,452,
4429851,WEB,0,2021-10-16T12:28:22.000Z,en,0,182,
4433502,WEB,0,2021-10-16T19:30:43.000Z,en,0,825,
4433547,WEB,0,2021-10-16T19:44:17.000Z,en,0,42,
4435545,WEB,0,2021-10-17T10:03:52.000Z,en,0,18,3.0
4441663,WEB,0,2021-10-18T10:44:58.000Z,en,0,122,3.0
4445654,WEB,0,2021-10-19T07:27:13.000Z,en,0,122,4.0
4445934,WEB,0,2021-10-19T08:48:51.000Z,en,0,25,2.0
4449444,WEB,0,2021-10-20T00:05:29.000Z,en,0,0,
4450497,WEB,0,2021-10-20T08:40:17.000Z,en,0,662,9060671375.0
4450745,WEB,0,2021-10-20T09:16:35.000Z,en,0,1371,8163446154.0
4451964,WEB,0,2021-10-20T14:34:54.000Z,en,0,244,
4452788,WEB,0,2021-10-20T17:32:14.000Z,en,0,0,
4453287,WEB,0,2021-10-20T20:45:20.000Z,en,0,3524,2.0
4455523,WEB,0,2021-10-21T07:49:00.000Z,en,0,202,3.0
4456030,WEB,0,2021-10-21T10:27:15.000Z,en,0,0,2.0
4456231,WEB,0,2021-10-21T11:27:56.000Z,en,0,0,
4458416,WEB,0,2021-10-21T16:37:33.000Z,en,0,42,2.0
4458878,WEB,0,2021-10-21T19:01:42.000Z,en,0,40,4.0
4460053,WEB,0,2021-10-21T20:14:37.000Z,en,0,360,3.0
4460060,WEB,0,2021-10-21T20:17:56.000Z,en,0,25,3.0
4460081,WEB,0,2021-10-21T20:27:38.000Z,en,0,341,2.0
4460090,WEB,0,2021-10-21T20:32:51.000Z,en,0,198,3.0
4460110,WEB,0,2021-10-21T20:40:46.000Z,en,0,90,3.0
4460116,WEB,0,2021-10-21T20:43:36.000Z,en,0,18,3.0
4460125,WEB,0,2021-10-21T20:47:46.000Z,en,0,50,5.0
4460146,WEB,0,2021-10-21T20:59:56.000Z,en,0,25,3.0
4462417,WEB,0,2021-10-22T08:35:52.000Z,en,0,0,
4462815,WEB,0,2021-10-22T10:40:50.000Z,en,0,0,2.0
4462823,WEB,0,2021-10-22T10:43:13.000Z,en,0,0,4.0
4462862,WEB,0,2021-10-22T10:54:57.000Z,en,0,0,8132217297.0
4462919,WEB,0,2021-10-22T11:11:45.000Z,en,0,0,4.0
4462949,WEB,0,2021-10-22T11:19:32.000Z,en,0,0,3.0
4462963,WEB,0,2021-10-22T11:21:56.000Z,en,0,0,4.0
4463056,WEB,0,2021-10-22T11:48:38.000Z,en,0,0,
4463081,WEB,0,2021-10-22T11:55:50.000Z,en,0,0,5.0
4463092,WEB,0,2021-10-22T11:58:55.000Z,en,0,0,8132217297.0
4463209,WEB,0,2021-10-22T12:33:05.000Z,en,0,0,8132217297.0
4463255,WEB,0,2021-10-22T12:43:58.000Z,en,0,13,2.0
4463359,WEB,0,2021-10-22T13:06:33.000Z,en,0,0,3.0
4463520,WEB,0,2021-10-22T13:48:13.000Z,en,0,0,
4463597,WEB,0,2021-10-22T14:04:07.000Z,en,0,0,2.0
4463663,WEB,0,2021-10-22T14:21:12.000Z,en,0,21,8132217297.0
4465132,WEB,0,2021-10-22T18:48:10.000Z,en,0,0,
4465163,WEB,0,2021-10-22T18:58:39.000Z,en,0,0,2.0
4465290,WEB,0,2021-10-22T19:51:48.000Z,en,0,100,2.0
4465307,WEB,0,2021-10-22T19:56:20.000Z,en,0,10,2.0
4465348,WEB,0,2021-10-22T20:12:54.000Z,en,0,2492,2.0
4465361,WEB,0,2021-10-22T20:16:33.000Z,en,0,822,3.0
4465373,WEB,0,2021-10-22T20:20:18.000Z,en,0,42,2.0
4465432,WEB,0,2021-10-22T20:38:06.000Z,en,0,25,3.0
4465439,WEB,0,2021-10-22T20:41:23.000Z,en,0,16,3.0
4466605,WEB,0,2021-10-23T06:44:51.000Z,en,0,0,2.0
4466945,WEB,0,2021-10-23T08:35:13.000Z,en,0,3559,3.0
4467036,WEB,0,2021-10-23T09:04:15.000Z,en,0,0,3.0
4467093,WEB,0,2021-10-23T09:25:32.000Z,en,0,0,3.0
4467121,WEB,0,2021-10-23T09:34:13.000Z,en,0,0,
4467208,WEB,0,2021-10-23T09:58:55.000Z,en,0,0,8132217297.0
4467421,WEB,0,2021-10-23T10:49:38.000Z,en,0,0,2.0
4467512,WEB,0,2021-10-23T11:09:37.000Z,en,0,0,4.0
4467580,WEB,0,2021-10-23T11:25:42.000Z,en,0,0,2.0
4467608,WEB,0,2021-10-23T11:31:55.000Z,en,0,0,20.0
4467617,WEB,0,2021-10-23T11:33:07.000Z,en,0,0,
4467714,WEB,0,2021-10-23T11:59:26.000Z,en,0,0,4.0
4467744,WEB,0,2021-10-23T12:05:07.000Z,en,0,0,10.0
4468006,WEB,0,2021-10-23T13:05:18.000Z,en,0,124,6.0
4468007,WEB,0,2021-10-23T13:05:35.000Z,en,0,0,2.0
4468186,WEB,0,2021-10-23T13:44:00.000Z,en,0,5749,3.0
4468406,WEB,0,2021-10-23T14:32:32.000Z,en,0,0,4.0
4468511,WEB,0,2021-10-23T14:55:50.000Z,en,0,0,2.0
4468519,WEB,0,2021-10-23T14:57:30.000Z,en,0,0,5.0
4468592,WEB,0,2021-10-23T15:15:42.000Z,en,0,62,3.0
4468595,WEB,0,2021-10-23T15:16:39.000Z,en,0,0,1.0
4468607,WEB,0,2021-10-23T15:20:45.000Z,en,0,42,4.0
4468741,WEB,0,2021-10-23T15:53:00.000Z,en,0,0,3.0
4468786,WEB,0,2021-10-23T16:02:39.000Z,en,0,126,7.0
4470596,WEB,0,2021-10-23T19:14:44.000Z,en,0,50,5.0
4470611,WEB,0,2021-10-23T19:18:46.000Z,en,0,1440,4.0
4470645,WEB,0,2021-10-23T19:29:36.000Z,en,0,40,4.0
4476935,WEB,0,2021-10-25T05:13:04.000Z,en,0,0,2.0
4477329,WEB,0,2021-10-25T07:46:20.000Z,en,0,203,2.0
4477913,WEB,0,2021-10-25T10:58:33.000Z,en,0,40,3.0
4477996,WEB,0,2021-10-25T11:26:12.000Z,en,0,0,1.0
4478030,WEB,0,2021-10-25T11:35:45.000Z,en,0,0,1.0
4478157,WEB,0,2021-10-25T12:20:04.000Z,en,0,0,2.0
4478158,WEB,0,2021-10-25T12:20:08.000Z,en,0,0,1.0
4478186,WEB,0,2021-10-25T12:31:18.000Z,en,0,0,
4478718,WEB,0,2021-10-25T14:44:59.000Z,en,0,0,3.0
4478751,WEB,0,2021-10-25T14:51:29.000Z,en,0,0,2.0
4478871,WEB,0,2021-10-25T15:27:11.000Z,en,0,0,2.0
4479423,WEB,0,2021-10-25T17:58:09.000Z,en,0,0,
4479429,WEB,0,2021-10-25T18:00:57.000Z,en,0,0,3.0
4479601,WEB,0,2021-10-25T19:01:41.000Z,en,0,204,3.0
4479682,WEB,0,2021-10-25T19:30:37.000Z,en,0,337,3.0
4479754,WEB,0,2021-10-25T20:12:04.000Z,en,0,1804,3.0
4479763,WEB,0,2021-10-25T20:16:01.000Z,en,0,2412,4.0
4479784,WEB,0,2021-10-25T20:25:41.000Z,en,0,121,4.0
4479796,WEB,0,2021-10-25T20:34:02.000Z,en,0,103,3.0
4479814,WEB,0,2021-10-25T20:45:38.000Z,en,0,40,2.0
4479922,WEB,0,2021-10-25T21:50:24.000Z,en,0,0,2.0
4481112,WEB,0,2021-10-26T08:19:24.000Z,en,0,0,
4481255,WEB,0,2021-10-26T09:09:38.000Z,en,0,4554,8171221221.0
4481365,WEB,0,2021-10-26T09:48:48.000Z,en,0,2507,6.0
4481561,WEB,0,2021-10-26T10:58:09.000Z,en,0,0,4.0
4481675,WEB,0,2021-10-26T11:37:54.000Z,en,0,0,3.0
4482092,WEB,0,2021-10-26T13:44:14.000Z,en,0,0,
4482290,WEB,0,2021-10-26T14:37:50.000Z,en,0,2482,3.0
4482559,WEB,0,2021-10-26T15:54:04.000Z,en,0,40,2.0
4482590,WEB,0,2021-10-26T16:02:45.000Z,en,0,40,2.0
4482818,WEB,0,2021-10-26T17:19:38.000Z,en,0,0,4.0
4484079,WEB,0,2021-10-26T18:42:56.000Z,en,0,50,
4484239,WEB,0,2021-10-26T19:44:39.000Z,en,0,10,
4484246,WEB,0,2021-10-26T19:47:53.000Z,en,0,848,2.0
4484264,WEB,0,2021-10-26T19:57:00.000Z,en,0,124,3.0
4484270,WEB,0,2021-10-26T20:00:13.000Z,en,0,22,4.0
4484305,WEB,0,2021-10-26T20:13:49.000Z,en,0,24,2.0
4484306,WEB,0,2021-10-26T20:13:53.000Z,en,0,380,8099621525.0
4484309,WEB,0,2021-10-26T20:14:28.000Z,en,0,48,
4484311,WEB,0,2021-10-26T20:15:05.000Z,en,0,10,
4484314,WEB,0,2021-10-26T20:16:09.000Z,en,0,40,
4484317,WEB,0,2021-10-26T20:17:03.000Z,en,0,48,
4484321,WEB,0,2021-10-26T20:18:37.000Z,en,0,20,3.0
4484349,WEB,0,2021-10-26T20:27:52.000Z,en,0,0,3.0
4484353,WEB,0,2021-10-26T20:30:36.000Z,en,0,0,3.0
4485922,WEB,0,2021-10-27T10:54:12.000Z,en,0,0,
4486142,WEB,0,2021-10-27T12:01:11.000Z,en,0,0,
4486220,WEB,0,2021-10-27T12:21:58.000Z,en,0,0,1.0
4486365,WEB,0,2021-10-27T13:00:36.000Z,en,0,297,10.0
4486410,WEB,0,2021-10-27T13:12:40.000Z,en,0,0,3.0
4486509,WEB,0,2021-10-27T13:37:14.000Z,en,0,0,2.0
4487617,WEB,0,2021-10-27T18:55:49.000Z,en,0,285,4.0
4487679,WEB,0,2021-10-27T19:22:18.000Z,en,0,2215,2.0
4487707,WEB,0,2021-10-27T19:36:34.000Z,en,0,2040,8.0
4487757,WEB,0,2021-10-27T19:53:43.000Z,en,0,10,4.0
4487766,WEB,0,2021-10-27T19:56:52.000Z,en,0,20,4.0
4487777,WEB,0,2021-10-27T20:01:27.000Z,en,0,546,3.0
4487789,WEB,0,2021-10-27T20:06:54.000Z,en,0,10,2.0
4487809,WEB,0,2021-10-27T20:16:59.000Z,en,0,166,5.0
4487841,WEB,0,2021-10-27T20:26:11.000Z,en,0,68,5.0
4487886,WEB,0,2021-10-27T20:54:20.000Z,en,0,816,6.0
4489005,WEB,0,2021-10-28T08:12:09.000Z,en,0,254,8028489326.0
4489331,WEB,0,2021-10-28T10:12:40.000Z,en,0,23307,4.0
4489433,WEB,0,2021-10-28T10:47:30.000Z,en,0,0,
4489520,WEB,0,2021-10-28T11:18:14.000Z,en,0,5156,30.0
4489596,WEB,0,2021-10-28T11:45:02.000Z,en,0,66,5.0
4489660,WEB,0,2021-10-28T12:08:46.000Z,en,0,0,25.0
4489696,WEB,0,2021-10-28T12:18:00.000Z,en,0,0,7.0
4489729,WEB,0,2021-10-28T12:25:56.000Z,en,0,0,3.0
4489733,WEB,0,2021-10-28T12:27:27.000Z,en,0,0,
4489829,WEB,0,2021-10-28T12:57:27.000Z,en,0,0,6.0
4492687,WEB,0,2021-10-28T14:24:17.000Z,en,0,0,
4492709,WEB,0,2021-10-28T14:30:11.000Z,en,0,0,3.0
4492770,WEB,0,2021-10-28T14:48:37.000Z,en,0,0,2.0
4493414,WEB,0,2021-10-28T18:00:13.000Z,en,0,20,2.0
4493803,WEB,0,2021-10-28T20:20:07.000Z,en,0,12,
4493806,WEB,0,2021-10-28T20:21:47.000Z,en,0,17,
4493813,WEB,0,2021-10-28T20:24:48.000Z,en,0,124,8039446673.0
4493820,WEB,0,2021-10-28T20:27:03.000Z,en,0,16,
4493828,WEB,0,2021-10-28T20:29:37.000Z,en,0,50,
4493835,WEB,0,2021-10-28T20:31:14.000Z,en,0,42,
4493880,WEB,0,2021-10-28T20:50:56.000Z,en,0,50,
4493934,WEB,0,2021-10-28T21:11:08.000Z,en,0,40,
4493964,WEB,0,2021-10-28T21:29:34.000Z,en,0,0,2.0
4493985,WEB,0,2021-10-28T21:42:13.000Z,en,0,0,3.0
4495695,WEB,0,2021-10-29T11:20:13.000Z,en,0,51,3.0
4495722,WEB,0,2021-10-29T11:28:10.000Z,en,0,0,4.0
4495938,WEB,0,2021-10-29T12:31:25.000Z,en,0,0,
4500021,WEB,0,2021-10-29T14:25:03.000Z,en,0,0,8.0
4500489,WEB,0,2021-10-29T16:16:17.000Z,en,0,13,2.0
4500920,WEB,0,2021-10-29T18:09:04.000Z,en,0,189,
4500949,WEB,0,2021-10-29T18:15:34.000Z,en,0,0,2.0
4500988,WEB,0,2021-10-29T18:25:41.000Z,en,0,27,
4501022,WEB,0,2021-10-29T18:35:16.000Z,en,0,0,
4501054,WEB,0,2021-10-29T18:43:30.000Z,en,0,0,
4501203,WEB,0,2021-10-29T19:29:57.000Z,en,0,40,
4501212,WEB,0,2021-10-29T19:32:20.000Z,en,0,50,
4501244,WEB,0,2021-10-29T19:46:30.000Z,en,0,42,
4501250,WEB,0,2021-10-29T19:48:24.000Z,en,0,50,
4503171,WEB,0,2021-10-30T09:44:19.000Z,en,0,0,
4503176,WEB,0,2021-10-30T09:46:49.000Z,en,0,0,
4503180,WEB,0,2021-10-30T09:48:20.000Z,en,0,0,
4503181,WEB,0,2021-10-30T09:49:03.000Z,en,0,0,
4503190,WEB,0,2021-10-30T09:52:41.000Z,en,0,0,
4503268,WEB,0,2021-10-30T10:20:04.000Z,en,0,573,
4503417,WEB,0,2021-10-30T11:11:08.000Z,en,0,0,1.0
4503435,WEB,0,2021-10-30T11:18:43.000Z,en,0,0,
4503464,WEB,0,2021-10-30T11:27:10.000Z,en,0,0,2.0
4503534,WEB,0,2021-10-30T11:52:18.000Z,en,0,0,9.0
4503555,WEB,0,2021-10-30T11:57:00.000Z,en,0,0,5.0
4503564,WEB,0,2021-10-30T11:59:57.000Z,en,0,136,
4503644,WEB,0,2021-10-30T12:18:12.000Z,en,0,0,
4503654,WEB,0,2021-10-30T12:20:32.000Z,en,0,0,6.0
4503693,WEB,0,2021-10-30T12:29:53.000Z,en,0,0,3.0
4503709,WEB,0,2021-10-30T12:34:23.000Z,en,0,0,5.0
4503760,WEB,0,2021-10-30T12:46:37.000Z,en,0,0,
4503780,WEB,0,2021-10-30T12:50:10.000Z,en,0,91,3.0
4503791,WEB,0,2021-10-30T12:54:55.000Z,en,0,50,3.0
4503798,WEB,0,2021-10-30T12:55:37.000Z,en,0,81,
4503851,WEB,0,2021-10-30T13:08:31.000Z,en,0,76,2.0
4503884,WEB,0,2021-10-30T13:14:24.000Z,en,0,0,2.0
4503886,WEB,0,2021-10-30T13:14:30.000Z,en,0,0,5.0
4503901,WEB,0,2021-10-30T13:19:32.000Z,en,0,0,4.0
4503920,WEB,0,2021-10-30T13:26:18.000Z,en,0,0,
4503933,WEB,0,2021-10-30T13:30:01.000Z,en,0,50,4.0
4503964,WEB,0,2021-10-30T13:39:22.000Z,en,0,0,3.0
4503986,WEB,0,2021-10-30T13:45:42.000Z,en,0,0,3.0
4504070,WEB,0,2021-10-30T14:05:12.000Z,en,0,0,4.0
4504154,WEB,0,2021-10-30T14:23:11.000Z,en,0,4459,10.0
4504192,WEB,0,2021-10-30T14:31:26.000Z,en,0,0,
4504236,WEB,0,2021-10-30T14:40:36.000Z,en,0,0,
4504275,WEB,0,2021-10-30T14:52:25.000Z,en,0,0,3.0
4504304,WEB,0,2021-10-30T14:58:19.000Z,en,0,0,
4504310,WEB,0,2021-10-30T14:58:59.000Z,en,0,0,4.0
4504336,WEB,0,2021-10-30T15:04:17.000Z,en,0,138,
4504373,WEB,0,2021-10-30T15:13:43.000Z,en,0,0,
4504375,WEB,0,2021-10-30T15:14:09.000Z,en,0,0,3.0
4504491,WEB,0,2021-10-30T15:45:31.000Z,en,0,0,4.0
4504531,WEB,0,2021-10-30T15:55:15.000Z,en,0,0,2.0
4504666,WEB,0,2021-10-30T16:29:23.000Z,en,0,416,4.0
4505336,WEB,0,2021-10-30T19:28:08.000Z,en,0,0,
4505515,WEB,0,2021-10-30T20:21:47.000Z,en,0,42,
4505518,WEB,0,2021-10-30T20:22:29.000Z,en,0,18,
4505616,WEB,0,2021-10-30T20:57:11.000Z,en,0,621,3.0
4505627,WEB,0,2021-10-30T21:00:08.000Z,en,0,125,2.0
4505636,WEB,0,2021-10-30T21:05:11.000Z,en,0,20,
4505646,WEB,0,2021-10-30T21:08:03.000Z,en,0,11,
4505655,WEB,0,2021-10-30T21:11:44.000Z,en,0,574,4.0
4505688,WEB,0,2021-10-30T21:24:24.000Z,en,0,6145,35.0
4505705,WEB,0,2021-10-30T21:34:22.000Z,en,0,0,
4505767,WEB,0,2021-10-30T21:55:32.000Z,en,0,350,
4508767,WEB,0,2021-10-31T16:56:20.000Z,en,0,11,
4508940,WEB,0,2021-10-31T17:53:08.000Z,en,0,15,
4510888,WEB,0,2021-11-01T09:41:46.000Z,en,0,0,4.0
4510916,WEB,0,2021-11-01T09:49:47.000Z,en,0,0,
4510938,WEB,0,2021-11-01T10:03:58.000Z,en,0,50,2.0
4511148,WEB,0,2021-11-01T11:19:35.000Z,en,0,0,
4511151,WEB,0,2021-11-01T11:20:42.000Z,en,0,0,3.0
4511166,WEB,0,2021-11-01T11:24:10.000Z,en,0,0,
4511190,WEB,0,2021-11-01T11:30:33.000Z,en,0,0,
4511263,WEB,0,2021-11-01T11:57:26.000Z,en,0,0,
4511340,WEB,0,2021-11-01T12:23:37.000Z,en,0,20,4.0
4511519,WEB,0,2021-11-01T13:14:05.000Z,en,0,0,1.0
4511543,WEB,0,2021-11-01T13:19:34.000Z,en,0,0,2.0
4511561,WEB,0,2021-11-01T13:21:49.000Z,en,0,0,1.0
4511562,WEB,0,2021-11-01T13:22:02.000Z,en,0,41,3.0
4511589,WEB,0,2021-11-01T13:28:12.000Z,en,0,0,1.0
4511618,WEB,0,2021-11-01T13:35:06.000Z,en,0,0,3.0
4511621,WEB,0,2021-11-01T13:36:09.000Z,en,0,0,2.0
4511671,WEB,0,2021-11-01T13:49:40.000Z,en,0,165,3.0
4511707,WEB,0,2021-11-01T13:55:18.000Z,en,0,0,2.0
4511717,WEB,0,2021-11-01T13:59:00.000Z,en,0,0,4.0
4511723,WEB,0,2021-11-01T14:00:28.000Z,en,0,0,4.0
4511739,WEB,0,2021-11-01T14:03:18.000Z,en,0,0,1.0
4511745,WEB,0,2021-11-01T14:06:01.000Z,en,0,0,3.0
4511765,WEB,0,2021-11-01T14:12:29.000Z,en,0,0,1.0
4511789,WEB,0,2021-11-01T14:18:28.000Z,en,0,0,
4511801,WEB,0,2021-11-01T14:21:15.000Z,en,0,0,1.0
4511844,WEB,0,2021-11-01T14:34:17.000Z,en,0,0,
4511889,WEB,0,2021-11-01T14:51:14.000Z,en,0,0,
4512020,WEB,0,2021-11-01T15:29:25.000Z,en,0,0,1.0
4512069,WEB,0,2021-11-01T15:44:39.000Z,en,0,0,3.0
4512080,WEB,0,2021-11-01T15:49:02.000Z,en,0,0,
4512373,WEB,0,2021-11-01T17:29:05.000Z,en,0,1866,3.0
4512534,WEB,0,2021-11-01T18:21:58.000Z,en,0,42,4.0
4512661,WEB,0,2021-11-01T19:05:26.000Z,en,0,50,3.0
4512682,WEB,0,2021-11-01T19:13:31.000Z,en,0,10,4.0
4512710,WEB,0,2021-11-01T19:23:34.000Z,en,0,22,4.0
4512719,WEB,0,2021-11-01T19:28:41.000Z,en,0,110,3.0
4512739,WEB,0,2021-11-01T19:37:16.000Z,en,0,0,4.0
4512754,WEB,0,2021-11-01T19:43:40.000Z,en,0,5670,4.0
4512904,WEB,0,2021-11-01T20:42:28.000Z,en,0,130,2.0
4512921,WEB,0,2021-11-01T20:49:16.000Z,en,0,0,2.0
4514325,WEB,0,2021-11-02T08:48:15.000Z,en,0,3327,5.0
4514562,WEB,0,2021-11-02T10:14:18.000Z,en,0,0,7032154807.0
4514586,WEB,0,2021-11-02T10:22:37.000Z,en,0,502,8093684306.0
4514654,WEB,0,2021-11-02T10:43:18.000Z,en,0,12,3.0
4514673,WEB,0,2021-11-02T10:51:12.000Z,en,0,0,
4514677,WEB,0,2021-11-02T10:52:26.000Z,en,0,25,2.0
4514729,WEB,0,2021-11-02T11:08:45.000Z,en,0,50,9033634547.0
4514806,WEB,0,2021-11-02T11:35:34.000Z,en,0,10,7056442142.0
4514894,WEB,0,2021-11-02T12:04:15.000Z,en,0,0,7065470686.0
4516339,WEB,0,2021-11-02T19:42:42.000Z,en,0,1091,2.0
4516522,WEB,0,2021-11-02T21:04:45.000Z,en,0,12,
4516529,WEB,0,2021-11-02T21:07:26.000Z,en,0,0,
4517981,WEB,0,2021-11-03T09:29:13.000Z,en,0,0,9.0
4518513,WEB,0,2021-11-03T12:32:57.000Z,en,0,333,3.0
4519840,WEB,0,2021-11-03T18:49:12.000Z,en,0,25,3.0
4519883,WEB,0,2021-11-03T19:08:38.000Z,en,0,0,2.0
4519902,WEB,0,2021-11-03T19:13:55.000Z,en,0,0,3.0
4519923,WEB,0,2021-11-03T19:20:27.000Z,en,0,25,2.0
4519948,WEB,0,2021-11-03T19:30:57.000Z,en,0,0,2.0
4519984,WEB,0,2021-11-03T19:44:08.000Z,en,0,0,4.0
4521164,WEB,0,2021-11-04T07:39:26.000Z,en,0,12,3.0
4521405,WEB,0,2021-11-04T09:11:08.000Z,en,0,36,8133036958.0
4521486,WEB,0,2021-11-04T09:41:27.000Z,en,0,48,8020905942.0
4521559,WEB,0,2021-11-04T10:02:58.000Z,en,0,0,
4521682,WEB,0,2021-11-04T10:39:29.000Z,en,0,10,7039332119.0
4521704,WEB,0,2021-11-04T10:45:19.000Z,en,0,0,4.0
4521706,WEB,0,2021-11-04T10:48:21.000Z,en,0,10,4.0
4521715,WEB,0,2021-11-04T10:50:57.000Z,en,0,10,4.0
4521729,WEB,0,2021-11-04T10:53:31.000Z,en,0,23,4.0
4521738,WEB,0,2021-11-04T10:56:22.000Z,en,0,0,3.0
4521899,WEB,0,2021-11-04T11:53:19.000Z,en,0,0,6.0
4522129,WEB,0,2021-11-04T13:07:13.000Z,en,0,132,
4522463,WEB,0,2021-11-04T15:01:45.000Z,en,0,26,2.0
4522543,WEB,0,2021-11-04T15:29:45.000Z,en,0,41,
4522626,WEB,0,2021-11-04T16:00:28.000Z,en,0,0,2.0
4523402,WEB,0,2021-11-04T20:58:08.000Z,en,0,0,2.0
4524589,WEB,0,2021-11-05T09:06:24.000Z,en,0,13,4.0
4524649,WEB,0,2021-11-05T09:27:33.000Z,en,0,50,8052891486.0
4524722,WEB,0,2021-11-05T09:54:53.000Z,en,0,12,8091560927.0
4524804,WEB,0,2021-11-05T10:19:39.000Z,en,0,26,5.0
4524825,WEB,0,2021-11-05T10:24:22.000Z,en,0,10,3.0
4525284,WEB,0,2021-11-05T12:38:13.000Z,en,0,2599,
4525441,WEB,0,2021-11-05T13:21:53.000Z,en,0,84,2.0
4528396,WEB,0,2021-11-06T08:11:06.000Z,en,0,253,2.0
4528634,WEB,0,2021-11-06T09:40:23.000Z,en,0,82,2.0
4528640,WEB,0,2021-11-06T09:41:56.000Z,en,0,167,3.0
4528760,WEB,0,2021-11-06T10:25:06.000Z,en,0,41,2.0
4528788,WEB,0,2021-11-06T10:33:06.000Z,en,0,84,8134627419.0
4529301,WEB,0,2021-11-06T12:47:18.000Z,en,0,0,10.0
4530113,WEB,0,2021-11-06T16:01:08.000Z,en,0,429,3.0
4531703,WEB,0,2021-11-07T01:08:04.000Z,en,0,0,
4536174,WEB,0,2021-11-08T07:03:06.000Z,en,0,769,3.0
4537397,WEB,0,2021-11-08T13:40:06.000Z,en,0,0,
4537851,WEB,0,2021-11-08T15:50:09.000Z,en,0,50,
4538076,WEB,0,2021-11-08T16:55:13.000Z,en,0,0,4.0
4538116,WEB,0,2021-11-08T17:09:11.000Z,en,0,26,3.0
4538150,WEB,0,2021-11-08T17:18:14.000Z,en,0,0,4.0
4538170,WEB,0,2021-11-08T17:23:46.000Z,en,0,0,4.0
4538177,WEB,0,2021-11-08T17:26:51.000Z,en,0,26,3.0
4538237,WEB,0,2021-11-08T17:45:40.000Z,en,0,10,3.0
4539865,WEB,0,2021-11-09T08:58:37.000Z,en,0,60,16.0
4539869,WEB,0,2021-11-09T08:59:39.000Z,en,0,42,2.0
4539870,WEB,0,2021-11-09T08:59:41.000Z,en,0,58,9035012833.0
4539878,WEB,0,2021-11-09T09:04:25.000Z,en,0,84,2.0
4540431,WEB,0,2021-11-09T12:16:33.000Z,en,0,68,2.0
4540503,WEB,0,2021-11-09T12:39:05.000Z,en,0,71,8039091888.0
4540532,WEB,0,2021-11-09T12:47:55.000Z,en,0,0,7.0
4540535,WEB,0,2021-11-09T12:48:54.000Z,en,0,0,1.0
4540561,WEB,0,2021-11-09T12:56:07.000Z,en,0,14,3.0
4540642,WEB,0,2021-11-09T13:16:59.000Z,en,0,97,7.0
4540667,WEB,0,2021-11-09T13:23:30.000Z,en,0,37,3.0
4540675,WEB,0,2021-11-09T13:25:02.000Z,en,0,41,3.0
4541288,WEB,0,2021-11-09T16:10:50.000Z,en,0,50,3.0
4541670,WEB,0,2021-11-09T18:12:10.000Z,en,0,174,2.0
4541705,WEB,0,2021-11-09T18:25:19.000Z,en,0,123,3.0
4541707,WEB,0,2021-11-09T18:25:26.000Z,en,0,0,12.0
4541720,WEB,0,2021-11-09T18:31:16.000Z,en,0,0,15.0
4541788,WEB,0,2021-11-09T18:52:59.000Z,en,0,39,2.0
4541803,WEB,0,2021-11-09T18:58:29.000Z,en,0,0,1.0
4541988,WEB,0,2021-11-09T20:27:13.000Z,en,0,0,
4541992,WEB,0,2021-11-09T20:30:05.000Z,en,0,48,
4542003,WEB,0,2021-11-09T20:33:03.000Z,en,0,0,
4542016,WEB,0,2021-11-09T20:36:49.000Z,en,0,0,
4542018,WEB,0,2021-11-09T20:39:40.000Z,en,0,0,
4542028,WEB,0,2021-11-09T20:42:52.000Z,en,0,10,
4542037,WEB,0,2021-11-09T20:46:23.000Z,en,0,10,
4542045,WEB,0,2021-11-09T20:49:01.000Z,en,0,0,
4543453,WEB,0,2021-11-10T08:45:50.000Z,en,0,0,8185622907.0
4543640,WEB,0,2021-11-10T09:53:40.000Z,en,0,165,2.0
4543782,WEB,0,2021-11-10T10:36:49.000Z,en,0,0,5.0
4543867,WEB,0,2021-11-10T10:59:47.000Z,en,0,44,2.0
4544055,WEB,0,2021-11-10T11:53:04.000Z,en,0,0,1.0
4544556,WEB,0,2021-11-10T14:01:30.000Z,en,0,0,9063766674.0
4544563,WEB,0,2021-11-10T14:04:55.000Z,en,0,41,3.0
4545292,WEB,0,2021-11-10T17:16:31.000Z,en,0,0,3.0
4545305,WEB,0,2021-11-10T17:19:22.000Z,en,0,10,3.0
4545320,WEB,0,2021-11-10T17:23:49.000Z,en,0,48,4.0
4545377,WEB,0,2021-11-10T17:38:56.000Z,en,0,0,4.0
4545391,WEB,0,2021-11-10T17:41:27.000Z,en,0,13,4.0
4545638,WEB,0,2021-11-10T18:55:35.000Z,en,0,0,5.0
4545957,WEB,0,2021-11-10T21:10:20.000Z,en,0,60,1.0
4545992,WEB,0,2021-11-10T21:30:09.000Z,en,0,0,2.0
4546004,WEB,0,2021-11-10T21:36:52.000Z,en,0,10,1.0
4546040,WEB,0,2021-11-10T21:57:43.000Z,en,0,13,4.0
4547043,WEB,0,2021-11-11T07:28:00.000Z,en,0,81,8.0
4547048,WEB,0,2021-11-11T07:29:01.000Z,en,0,0,3.0
4547088,WEB,0,2021-11-11T07:43:52.000Z,en,0,23,8168358388.0
4547360,WEB,0,2021-11-11T09:38:55.000Z,en,0,128,3.0
4547724,WEB,0,2021-11-11T11:29:47.000Z,en,0,0,3.0
4547825,WEB,0,2021-11-11T12:05:11.000Z,en,0,0,10.0
4547833,WEB,0,2021-11-11T12:07:01.000Z,en,0,0,3.0
4547839,WEB,0,2021-11-11T12:08:42.000Z,en,0,0,3.0
4547847,WEB,0,2021-11-11T12:11:09.000Z,en,0,0,4.0
4547866,WEB,0,2021-11-11T12:15:58.000Z,en,0,85,
4547941,WEB,0,2021-11-11T12:36:37.000Z,en,0,27,2.0
4548045,WEB,0,2021-11-11T13:04:26.000Z,en,0,0,3.0
4548067,WEB,0,2021-11-11T13:10:08.000Z,en,0,26,3.0
4548171,WEB,0,2021-11-11T13:31:06.000Z,en,0,0,10.0
4548192,WEB,0,2021-11-11T13:34:34.000Z,en,0,0,5.0
4548210,WEB,0,2021-11-11T13:38:57.000Z,en,0,0,3.0
4548224,WEB,0,2021-11-11T13:40:52.000Z,en,0,0,8.0
4548235,WEB,0,2021-11-11T13:44:09.000Z,en,0,41,2.0
4548528,WEB,0,2021-11-11T15:09:21.000Z,en,0,0,4.0
4548698,WEB,0,2021-11-11T15:53:21.000Z,en,0,107,1.0
4548846,WEB,0,2021-11-11T16:43:34.000Z,en,0,20,3.0
4549178,WEB,0,2021-11-11T18:29:56.000Z,en,0,41,3.0
4549326,WEB,0,2021-11-11T19:22:10.000Z,en,0,42,2.0
4550429,WEB,0,2021-11-12T05:34:11.000Z,en,0,1669,3.0
4550438,WEB,0,2021-11-12T05:38:57.000Z,en,0,206,2.0
4550882,WEB,0,2021-11-12T08:37:12.000Z,en,0,126,2.0
4551032,WEB,0,2021-11-12T09:29:38.000Z,en,0,0,1.0
4551034,WEB,0,2021-11-12T09:29:45.000Z,en,0,0,8024916161.0
4551274,WEB,0,2021-11-12T10:37:21.000Z,en,0,13,2.0
4551658,WEB,0,2021-11-12T12:11:50.000Z,en,0,0,4.0
4552006,WEB,0,2021-11-12T13:39:07.000Z,en,0,0,4.0
4552777,WEB,0,2021-11-12T16:47:37.000Z,en,0,14,2.0
4552816,WEB,0,2021-11-12T16:58:39.000Z,en,0,0,3.0
4555623,WEB,0,2021-11-13T11:26:45.000Z,en,0,0,2.0
4555708,WEB,0,2021-11-13T11:50:39.000Z,en,0,31,3.0
4555771,WEB,0,2021-11-13T12:06:42.000Z,en,0,10,2.0
4555840,WEB,0,2021-11-13T12:27:00.000Z,en,0,1054,2.0
4556092,WEB,0,2021-11-13T13:32:16.000Z,en,0,0,1.0
4556699,WEB,0,2021-11-13T16:19:16.000Z,en,0,167,5.0
4556729,WEB,0,2021-11-13T16:30:37.000Z,en,0,83,1.0
4562746,WEB,0,2021-11-14T17:33:27.000Z,en,0,0,10.0
4563897,WEB,0,2021-11-14T23:32:40.000Z,en,0,3130,9121964225.0
4564477,WEB,0,2021-11-15T05:47:12.000Z,en,0,0,2.0
4565143,WEB,0,2021-11-15T09:35:56.000Z,en,0,13,2.0
4565264,WEB,0,2021-11-15T10:18:34.000Z,en,0,0,2.0
4565756,WEB,0,2021-11-15T12:32:26.000Z,en,0,42,3.0
4566068,WEB,0,2021-11-15T14:05:15.000Z,en,0,0,3.0
4566187,WEB,0,2021-11-15T14:36:24.000Z,en,0,1363,4.0
4566253,WEB,0,2021-11-15T14:52:09.000Z,en,0,0,8088949900.0
4566329,WEB,0,2021-11-15T15:13:23.000Z,en,0,0,3.0
4566364,WEB,0,2021-11-15T15:25:59.000Z,en,0,0,7013539645.0
4566422,WEB,0,2021-11-15T15:41:57.000Z,en,0,0,8034471429.0
4566538,WEB,0,2021-11-15T16:11:31.000Z,en,0,82,8087657224.0
4567380,WEB,0,2021-11-15T21:11:29.000Z,en,0,158,3.0
4567394,WEB,0,2021-11-15T21:20:11.000Z,en,0,439,5.0
4568072,WEB,0,2021-11-16T04:38:31.000Z,en,0,0,2.0
4568447,WEB,0,2021-11-16T07:43:12.000Z,en,0,1132,3.0
4568654,WEB,0,2021-11-16T09:05:16.000Z,en,0,61,3.0
4568870,WEB,0,2021-11-16T10:24:05.000Z,en,0,0,2.0
4569135,WEB,0,2021-11-16T11:45:04.000Z,en,0,13,3.0
4569142,WEB,0,2021-11-16T11:48:12.000Z,en,0,0,8064391416.0
4569292,WEB,0,2021-11-16T12:28:50.000Z,en,0,13,4.0
4569329,WEB,0,2021-11-16T12:40:03.000Z,en,0,13,2.0
4569504,WEB,0,2021-11-16T13:25:27.000Z,en,0,0,4.0
4569637,WEB,0,2021-11-16T13:57:00.000Z,en,0,17,3.0
4569936,WEB,0,2021-11-16T15:08:50.000Z,en,0,0,8.0
4570032,WEB,0,2021-11-16T15:29:45.000Z,en,0,41,8060627285.0
4570087,WEB,0,2021-11-16T15:44:38.000Z,en,0,0,4.0
4572485,WEB,0,2021-11-17T09:16:56.000Z,en,0,26,4.0
4572563,WEB,0,2021-11-17T09:44:06.000Z,en,0,0,5.0
4572642,WEB,0,2021-11-17T10:10:32.000Z,en,0,83,4.0
4572724,WEB,0,2021-11-17T10:38:13.000Z,en,0,0,5.0
4572726,WEB,0,2021-11-17T10:38:21.000Z,en,0,82,2.0
4572733,WEB,0,2021-11-17T10:40:11.000Z,en,0,20,3.0
4572868,WEB,0,2021-11-17T11:17:14.000Z,en,0,1463,3.0
4573329,WEB,0,2021-11-17T13:30:04.000Z,en,0,85,3.0
4573347,WEB,0,2021-11-17T13:37:10.000Z,en,0,0,2.0
4573575,WEB,0,2021-11-17T14:42:17.000Z,en,0,41,5.0
4574510,WEB,0,2021-11-17T19:45:16.000Z,en,0,0,7056341662.0
4574514,WEB,0,2021-11-17T19:47:02.000Z,en,0,0,7086613551.0
4574522,WEB,0,2021-11-17T19:48:54.000Z,en,0,0,8186701472.0
4575671,WEB,0,2021-11-18T07:31:51.000Z,en,0,1583,8.0
4575808,WEB,0,2021-11-18T08:24:06.000Z,en,0,125,2.0
4575829,WEB,0,2021-11-18T08:28:26.000Z,en,0,83,3.0
4576201,WEB,0,2021-11-18T10:49:07.000Z,en,0,0,3.0
4576220,WEB,0,2021-11-18T10:56:55.000Z,en,0,13,2.0
4576406,WEB,0,2021-11-18T11:54:11.000Z,en,0,23,2.0
4576587,WEB,0,2021-11-18T12:53:32.000Z,en,0,10,6.0
4576738,WEB,0,2021-11-18T13:35:35.000Z,en,0,39,2.0
4576767,WEB,0,2021-11-18T13:45:35.000Z,en,0,4329,3.0
4577008,WEB,0,2021-11-18T14:49:27.000Z,en,0,99,2.0
4577282,WEB,0,2021-11-18T16:05:38.000Z,en,0,0,3.0
4577305,WEB,0,2021-11-18T16:11:41.000Z,en,0,0,2.0
4577822,WEB,0,2021-11-18T18:56:17.000Z,en,0,0,4.0
4577912,WEB,0,2021-11-18T19:35:14.000Z,en,0,54,3.0
4578051,WEB,0,2021-11-18T20:49:44.000Z,en,0,12,4.0
4579196,WEB,0,2021-11-19T07:52:45.000Z,en,0,104,2.0
4580034,WEB,0,2021-11-19T12:35:14.000Z,en,0,5335,8.0
4581868,WEB,0,2021-11-19T21:13:30.000Z,en,0,0,7.0
4582637,WEB,0,2021-11-20T05:10:44.000Z,en,0,417,8.0
4582908,WEB,0,2021-11-20T07:30:53.000Z,en,0,155,1.0
4583231,WEB,0,2021-11-20T09:43:25.000Z,en,0,44,2.0
4583415,WEB,0,2021-11-20T10:45:32.000Z,en,0,0,5.0
4583451,WEB,0,2021-11-20T10:58:06.000Z,en,0,0,
4583526,WEB,0,2021-11-20T11:27:30.000Z,en,0,0,
4588145,WEB,0,2021-11-21T15:41:40.000Z,en,0,1139,8.0
4588401,WEB,0,2021-11-21T17:10:15.000Z,en,0,306,1.0
4589313,WEB,0,2021-11-22T00:00:12.000Z,en,0,42,4.0
4589320,WEB,0,2021-11-22T00:08:57.000Z,en,0,0,4.0
4590109,WEB,0,2021-11-22T08:33:24.000Z,en,0,41,2.0
4590119,WEB,0,2021-11-22T08:38:10.000Z,en,0,0,5.0
4590495,WEB,0,2021-11-22T11:12:10.000Z,en,0,82,3.0
4590496,WEB,0,2021-11-22T11:12:22.000Z,en,0,23,1.0
4591877,WEB,0,2021-11-22T14:13:05.000Z,en,0,42,3.0
4592494,WEB,0,2021-11-22T14:23:57.000Z,en,0,44,7.0
4593091,WEB,0,2021-11-22T14:44:26.000Z,en,0,82,8149729721.0
4593113,WEB,0,2021-11-22T14:49:52.000Z,en,0,0,8035205053.0
4593119,WEB,0,2021-11-22T14:51:50.000Z,en,0,41,8029354119.0
4593123,WEB,0,2021-11-22T14:53:20.000Z,en,0,41,9126405454.0
4593128,WEB,0,2021-11-22T14:55:12.000Z,en,0,41,8035509523.0
4593133,WEB,0,2021-11-22T14:56:42.000Z,en,0,41,8038436220.0
4593142,WEB,0,2021-11-22T15:00:20.000Z,en,0,41,8062108351.0
4593148,WEB,0,2021-11-22T15:01:47.000Z,en,0,41,8057198022.0
4593153,WEB,0,2021-11-22T15:03:02.000Z,en,0,41,8066204653.0
4594878,WEB,0,2021-11-22T18:41:16.000Z,en,0,541,8169198773.0
4594923,WEB,0,2021-11-22T18:57:33.000Z,en,0,41,8132969916.0
4595004,WEB,0,2021-11-22T19:28:00.000Z,en,0,0,2.0
4595252,WEB,0,2021-11-22T21:34:14.000Z,en,0,0,8.0
4596359,WEB,0,2021-11-23T09:04:04.000Z,en,0,3195,8033693170.0
4596563,WEB,0,2021-11-23T10:20:26.000Z,en,0,124,8188470000.0
4596674,WEB,0,2021-11-23T10:58:49.000Z,en,0,1148,4.0
4596686,WEB,0,2021-11-23T11:03:04.000Z,en,0,10,4.0
4599036,WEB,0,2021-11-23T12:52:17.000Z,en,0,343,2.0
4600437,WEB,0,2021-11-23T20:23:33.000Z,en,0,41,2.0
4600480,WEB,0,2021-11-23T20:42:59.000Z,en,0,12,2.0
4600497,WEB,0,2021-11-23T20:48:11.000Z,en,0,41,2.0
4601669,WEB,0,2021-11-24T08:39:09.000Z,en,0,0,3.0
4601707,WEB,0,2021-11-24T08:56:46.000Z,en,0,97,4.0
4601890,WEB,0,2021-11-24T10:07:17.000Z,en,0,0,3.0
4602311,WEB,0,2021-11-24T12:37:44.000Z,en,0,0,2.0
4602823,WEB,0,2021-11-24T15:03:31.000Z,en,0,42,3.0
4603655,WEB,0,2021-11-24T19:34:21.000Z,en,0,48,2.0
4604433,WEB,0,2021-11-25T03:18:00.000Z,en,0,10,1.0
4606422,WEB,0,2021-11-25T15:27:35.000Z,en,0,1391,6.0
4607059,WEB,0,2021-11-25T18:12:48.000Z,en,0,85,3.0
4607070,WEB,0,2021-11-25T18:16:35.000Z,en,0,13,4.0
4607084,WEB,0,2021-11-25T18:19:50.000Z,en,0,12,1.0
4607101,WEB,0,2021-11-25T18:25:31.000Z,en,0,41,2.0
4607129,WEB,0,2021-11-25T18:33:57.000Z,en,0,82,1.0
4607332,WEB,0,2021-11-25T19:39:15.000Z,en,0,51,2.0
4607340,WEB,0,2021-11-25T19:43:30.000Z,en,0,50,3.0
4607543,WEB,0,2021-11-25T21:00:38.000Z,en,0,42,8029285107.0
4608394,WEB,0,2021-11-26T06:09:33.000Z,en,0,459,2.0
4608584,WEB,0,2021-11-26T07:21:48.000Z,en,0,41,3.0
4610854,WEB,0,2021-11-26T17:54:01.000Z,en,0,0,2.0
4611463,WEB,0,2021-11-26T20:35:58.000Z,en,0,1638,8.0
4611866,WEB,0,2021-11-26T23:24:52.000Z,en,0,41,8023340299.0
4613371,WEB,0,2021-11-27T11:15:25.000Z,en,0,50,3.0
4639508,WEB,0,2021-12-01T09:47:11.000Z,en,0,82,1.0
4639574,WEB,0,2021-12-01T10:13:03.000Z,en,0,102,9090346028.0
4639599,WEB,0,2021-12-01T10:22:24.000Z,en,0,163,7037948581.0
4639859,WEB,0,2021-12-01T11:43:06.000Z,en,0,41,2.0
4640430,WEB,0,2021-12-01T14:26:06.000Z,en,0,239,5.0
4641793,WEB,0,2021-12-01T21:22:36.000Z,en,0,0,8026297594.0
4642495,WEB,0,2021-12-02T05:26:03.000Z,en,0,0,5.0
4642896,WEB,0,2021-12-02T08:14:22.000Z,en,0,23,4.0
4644218,WEB,0,2021-12-02T14:28:57.000Z,en,0,27,7069523358.0
4644817,WEB,0,2021-12-02T17:01:24.000Z,en,0,1358,6.0
4645484,WEB,0,2021-12-02T20:39:27.000Z,en,0,2202,8105643933.0
4647337,WEB,0,2021-12-03T10:51:24.000Z,en,0,414,8093684306.0
4648718,WEB,0,2021-12-03T16:01:24.000Z,en,0,85,2.0
4658022,WEB,0,2021-12-04T14:52:42.000Z,en,0,344,
4659133,WEB,0,2021-12-04T19:37:08.000Z,en,0,51,
4667792,WEB,0,2021-12-06T20:34:26.000Z,en,0,196,8088812694.0
4672270,WEB,0,2021-12-08T05:54:04.000Z,en,0,0,8020847121.0
4672399,WEB,0,2021-12-08T06:50:42.000Z,en,0,0,2.0
4672629,WEB,0,2021-12-08T08:26:18.000Z,en,0,128,2.0
4672675,WEB,0,2021-12-08T08:47:33.000Z,en,0,46,2.0
4673012,WEB,0,2021-12-08T10:53:13.000Z,en,0,0,2.0
4679151,WEB,0,2021-12-08T20:31:54.000Z,en,0,0,150.0
4680297,WEB,0,2021-12-09T07:39:24.000Z,en,0,85,3.0
4680679,WEB,0,2021-12-09T10:07:46.000Z,en,0,222,9159745676.0
4681220,WEB,0,2021-12-09T12:43:19.000Z,en,0,0,3.0
4687745,WEB,0,2021-12-10T07:22:27.000Z,en,0,260,9076781440.0
4688419,WEB,0,2021-12-10T11:23:19.000Z,en,0,255,8023223384.0
4688550,WEB,0,2021-12-10T12:03:06.000Z,en,0,33,9020923989.0
4688725,WEB,0,2021-12-10T12:47:43.000Z,en,0,193,10.0
4688892,WEB,0,2021-12-10T13:37:13.000Z,en,0,0,
4688943,WEB,0,2021-12-10T13:50:52.000Z,en,0,10,
4689061,WEB,0,2021-12-10T14:25:34.000Z,en,0,493,8.0
4707956,WEB,0,2021-12-13T06:54:51.000Z,en,0,72,2.0
4708309,WEB,0,2021-12-13T09:02:54.000Z,en,0,0,2.0
4708428,WEB,0,2021-12-13T09:46:04.000Z,en,0,81,6.0
4712733,WEB,0,2021-12-14T06:55:47.000Z,en,0,86,3.0
4717935,WEB,0,2021-12-14T10:40:58.000Z,en,0,156,8101996183.0
4718102,WEB,0,2021-12-14T11:32:42.000Z,en,0,468,4.0
4718920,WEB,0,2021-12-14T14:54:00.000Z,en,0,0,4.0
4719911,WEB,0,2021-12-14T19:20:44.000Z,en,0,99,5.0
4728948,WEB,0,2021-12-16T06:07:37.000Z,en,0,110,3.0
4729938,WEB,0,2021-12-16T11:34:52.000Z,en,0,158,3.0
4740568,WEB,0,2021-12-18T13:03:42.000Z,en,0,60,3.0
4755594,WEB,0,2021-12-21T14:17:15.000Z,en,0,59,2.0
4755612,WEB,0,2021-12-21T14:25:06.000Z,en,0,53,3.0
4761939,WEB,0,2021-12-22T05:40:50.000Z,en,0,110,2.0
4767262,WEB,0,2021-12-22T19:23:24.000Z,en,0,421,3.0
4796342,WEB,0,2021-12-30T08:32:55.000Z,en,0,56,3.0
4831166,WEB,0,2022-01-04T20:25:58.000Z,en,0,0,5.0
4831181,WEB,0,2022-01-04T20:32:10.000Z,en,0,1751,5.0
4839451,WEB,0,2022-01-05T17:20:56.000Z,en,0,0,
4840044,WEB,0,2022-01-05T20:12:00.000Z,en,0,65,2.0
4841888,WEB,0,2022-01-06T09:13:45.000Z,en,0,826,4.0
4871055,WEB,0,2022-01-10T05:30:17.000Z,en,0,159,8123739224.0
4876172,WEB,0,2022-01-11T10:21:03.000Z,en,0,26,1.0
4878230,WEB,0,2022-01-11T19:59:46.000Z,en,0,417,2.0
4887742,WEB,0,2022-01-13T08:54:20.000Z,en,0,150,4.0
4895486,WEB,0,2022-01-14T07:54:10.000Z,en,0,0,2.0
4895684,WEB,0,2022-01-14T08:55:37.000Z,en,0,89,8134566109.0
4895750,WEB,0,2022-01-14T09:10:40.000Z,en,0,0,12.0
4895760,WEB,0,2022-01-14T09:13:19.000Z,en,0,0,
4895785,WEB,0,2022-01-14T09:20:16.000Z,en,0,0,25.0
4904382,WEB,0,2022-01-15T09:04:41.000Z,en,0,166,8.0
4917611,WEB,0,2022-01-17T08:02:54.000Z,en,0,1448,5.0
4917882,WEB,0,2022-01-17T09:19:57.000Z,en,0,41,2.0
4925753,WEB,0,2022-01-18T08:52:42.000Z,en,0,0,8023336776.0
4926229,WEB,0,2022-01-18T11:26:39.000Z,en,0,13,3.0
4949246,WEB,0,2022-01-21T07:59:51.000Z,en,0,0,8123739224.0
4985323,WEB,0,2022-01-25T20:10:34.000Z,en,0,0,10.0
4987336,WEB,0,2022-01-26T11:03:14.000Z,en,0,0,10.0
5003529,WEB,0,2022-01-28T09:20:56.000Z,en,0,52,4.0
5003705,WEB,0,2022-01-28T10:08:41.000Z,en,0,36,3.0
5003994,WEB,0,2022-01-28T11:33:45.000Z,en,0,34,25.0
5033777,WEB,0,2022-02-01T11:52:14.000Z,en,0,56,
5156201,WEB,0,2022-02-09T21:07:10.000Z,en,0,0,5.0
5161258,WEB,0,2022-02-11T07:11:38.000Z,en,0,0,4.0
5166213,WEB,0,2022-02-12T08:45:47.000Z,en,0,0,5.0
5176040,WEB,0,2022-02-14T11:23:01.000Z,en,0,42,2.0
5184379,WEB,0,2022-02-16T09:59:58.000Z,en,0,0,2.0
5186649,WEB,0,2022-02-16T21:37:04.000Z,en,0,0,3.0
